genesis.bin,o1uYIxo7LhMnEmq4xm5KTOYa6EEy09339uy9TZCFhGw,383d6ccba09a5906481faf93043cf25c
kusama-headers.bin_8325311-14177146_008325311-008461455,atCz_74GuFswcqt_GSlr6SJCncKvykMftij_kjWzU6c,41b6ecac8194f87b1e68a5c80801a03c
kusama-headers.bin_8325311-14177146_008461456-008600576,pcYrcWdDBuh4fFAScW0rjJh90vKMpRzNA2ib--yzlD4,bb2b92bf4690f6e70ee614922cd0e9b8
kusama-headers.bin_8325311-14177146_008600577-008739807,qFZeSVBt51FbrhY1RQpCPEj2_D8t-W1UE9TQ7wRcHDA,e4c7f89e281265bbf7578021d469399f
kusama-headers.bin_8325311-14177146_008739808-008876054,ZI6gMQiUN6Ej7May2ET3K_rpQS7A0dEw7gRG9_u-wX0,f8db905e6030e878a9990082cde4c426
kusama-headers.bin_8325311-14177146_008876055-009014568,a0eqMBtbViG1dBt4bAhgm5p08oBlgKBOuLemVdt-p-k,efbabcb4737eef7a5ae51dfba382e9dd
kusama-headers.bin_8325311-14177146_009014569-009154151,wU4XR64kZdP7DQANkOvRaVprkF24ZGbFDh-yrjNnvGs,28fba98aa89b83da4bb0fadcc1979d57
kusama-headers.bin_8325311-14177146_009154152-009294956,F-064Gsw_MR-JX4zks_Sa4YMNsa-CongELBScU3c6cY,010172b2396909f04be64a347a616688
kusama-headers.bin_8325311-14177146_009294957-009431882,2LZYB6IybmXMPXVx62mnfQbN4gTp6Eo_Es09rzJOuVY,b8bb310581af127b10febf0832d1d282
kusama-headers.bin_8325311-14177146_009431883-009570070,19xxqfyeH5TMCCdkDcWPaviQ3eAX-5qZLY54OiPKv8E,8a82608241bf8ae1ff6e5fadd564048a
kusama-headers.bin_8325311-14177146_009570071-009708104,ap2i-Tr1Rfn4XpA3vX3_y71dNX8zZY48BOToANczRAs,1e422c371fd0e8849aecb951e1f8fa51
kusama-headers.bin_8325311-14177146_009708105-009844508,FviW8ASnpU09PLthEysUsN5t2z3xj_6xCQralHRVVqI,5a158d6ded77057382e3d51b910f0fc0
kusama-headers.bin_8325311-14177146_009844509-009983451,PLK7suoIhQC5WOYDeeBVar_YsXwQ0MGNv0YsrVGz8pA,21b164cac61e8d527d64b739d2ca4d2d
kusama-headers.bin_8325311-14177146_009983452-010118594,ljIuj7S1tgF3K0SuXx8TlvjTUU3C5Y7nAaNMa0xuwgE,c7319e847c7fae2fd9215cdafd177994
kusama-headers.bin_8325311-14177146_010118595-010253312,DrKZjpThj6sEuMVBv7f5IBqMwTYxYl3GH7gVTa51fH0,75c73dfa9f9ba5e76dc735813367b7e0
kusama-headers.bin_8325311-14177146_010253313-010385520,mXtCMPrro1janPBqQbixKKpqw7a4G3MM0nP0vdcMWw4,8e2a8ea807d8ce82e48a63fd23652fe3
kusama-headers.bin_8325311-14177146_010385521-010519609,O3wj32wjZtWeorWJB_PNT8EfM-Ax2f3A3LHEyrolB5Q,e15bbc8dc87d952e7be3c5fab38857c5
kusama-headers.bin_8325311-14177146_010519610-010653479,GCrZHfPJP8Ll91C_kLRy8H7mhFkNBQvRduD8mYO-9HQ,f7712c3bbcc9780dc2b2e3c3c6a8ec10
kusama-headers.bin_8325311-14177146_010653480-010786918,nws-QA4AVKESrh6dL1_xSLassNrvgiLeH1zcB8p34LA,a7e6b42bf1d89382330bc47222525fa3
kusama-headers.bin_8325311-14177146_010786919-010919332,B-BCDmZpQ9RYVSCULs9JrM6AkzcbRYEjkaBy0FKJ-W4,cbaf1b4bd5d1377894497574da99d1fb
kusama-headers.bin_8325311-14177146_010919333-011045086,GyBoQZeKXzqY9h6jWZr2F_etU3tmn3vu59ETgA9QV28,58d025b6020e6e28a198e99f16a8a6d1
kusama-headers.bin_8325311-14177146_011045087-011174912,YLcYSvrOkkh3UGXk2btTgIA89Uc_mLSUp2u-FvGoSYM,2b7235ec599c2b4e712db04ddd4f7cab
kusama-headers.bin_8325311-14177146_011174913-011306473,9mOgEetgP4CHZN2tGVwGNCo2dYTkqocH7Y6c8FX6qfo,6b2d255718525ec7a7ecd13e308ad47c
kusama-headers.bin_8325311-14177146_011306474-011436763,hDcPi3QU51MdSzUQVCofjTdMC-tLWAwJ1yBTGO-Z6z0,55ed8cd340ec21b8d9d7e5bfdf7c21b2
kusama-headers.bin_8325311-14177146_011436764-011567414,M9ME3S0HjOVZDVcygSRG4lSS2Zx14d7RStTSpN54Qhs,577a14bb94c53d7dff41513d02e05aff
kusama-headers.bin_8325311-14177146_011567415-011700005,CxgP1y0xshyhcDgKQkLeUp3vA-Fz8SkqqfS9JZGbjGI,d5e24f5269c1f097513532d46feaa1c9
kusama-headers.bin_8325311-14177146_011700006-011832419,jUZKKB8QKkmLC_21rXn8gQ_OE8x9WJ3CF6kFThujLiw,8acb3435603bce9425857615deefb3e6
kusama-headers.bin_8325311-14177146_011832420-011958911,AJOawNeV-ZS_YA1OBIC_HPbHc-sEbpoKxJ8aijmUVko,e88fea164a2a43c04da08f4a6a63ebcc
kusama-headers.bin_8325311-14177146_011958912-012090711,QC7a2EI4VpD99ENCGzeZtYjQIda_QuGJbYw02RmZb5o,47de7eab7042f045c64fdb82116878a8
kusama-headers.bin_8325311-14177146_012090712-012215452,Q4y0L6ngj8vmXamT57P95fPOwIsrn5uKfKJWjXHkC-Q,63af63855dd868d3423da024c6060e14
kusama-headers.bin_8325311-14177146_012215453-012342023,68fMNdmN5DPblMR1AItXxgDFWUxpjgC-c_43aXG4HFI,96de47d9b409dba655dd3210ad775b6f
kusama-headers.bin_8325311-14177146_012342024-012473856,gEiT3harxi2jHYVzjBd0YyWSNevGlq_37R3KDtLmckU,8f600246c2c7e89bc84d75fdc5c9524d
kusama-headers.bin_8325311-14177146_012473857-012604548,D-oN4o7BPPOSHC5OovaHMHY3sZyNnAek3YBSGrTfEg8,dcfe4179e594ddad0df7abdf2668104f
kusama-headers.bin_8325311-14177146_012604549-012736531,jTD6jnPt296z3EXaAof8TgeXN-8n82jcaJzdi09Cz84,c7986ec2567a18f754a8a021add36f17
kusama-headers.bin_8325311-14177146_012736532-012865573,RJ_cXJ-I8asr_AnRuJbiv9R0R_oyVmNIXnxQYTdqDKg,6852ce362a65e3697526f72148140ea9
kusama-headers.bin_8325311-14177146_012865574-012995934,UVeNCgGome2HYPsDyTnFvnAQQuAUsaBOMVD2njBBNsM,3a0a1f683a72b0d9ab91827c1369d67c
kusama-headers.bin_8325311-14177146_012995935-013127992,RNvLwLR8W-VgVtkzMYx50GUZVGTaCL7X9_MxQA3qT78,7e5ab82d06661c555078ca36e162b879
kusama-headers.bin_8325311-14177146_013127993-013260603,7iH5f1SFP-6n5CtL0_ApT_yJHAaMdx_DbkW6Exl7-Z4,788dcef0e6977a2454701805e1c0f672
kusama-headers.bin_8325311-14177146_013260604-013394873,UvALX1K4UeTWjXfH7KODDGliKoLUck5SJFwA1jBNKe4,685ef071cfaad3fd9c46655ed2696304
kusama-headers.bin_8325311-14177146_013394874-013527279,NI7dQhSMVb4HDCvaXMD6YljjAoIlxACOpMTTmwCOEts,be5fd0e6d72d7f7ea3c152c414561262
kusama-headers.bin_8325311-14177146_013527280-013658919,WDwgad99jWSuK5cxb76hwl_U49wDMi2nuG2CdBhmFNs,c48f3718ca8c7cd1941ea3a34ab4d7bb
kusama-headers.bin_8325311-14177146_013658920-013792089,zBSLthLI60somAOe__rh0SVuGNDspi3ixetOXCokTd8,92ae7f5efb0c10d079960fd05c8e6ea9
kusama-headers.bin_8325311-14177146_013792090-013922816,AbmY5RVTWX_A3FWweDnTuw1lhA_HbVsNh_li3ntcpLk,3ec0406b584561a2f023f3c0ef6b230b
kusama-headers.bin_8325311-14177146_013922817-014056168,tGt5W-OUt9mvp22pvwEm2oqjpIKsocxaBTOq5qY-E_4,84c5c870ea766a8bad96101385dfdec3
kusama-headers.bin_8325311-14177146_014056169-014177146,Y0Om9TxJ1iGEtGDM3shsa_mchOdgGwrQ38NOMpersss,21d9f71f86b6257f9c163e09a1990bf8
